<!DOCTYPE suite SYSTEM "http://testng.org/testng-1.0.dtd">
<suite name="Canada Backoffice Suite">

<test name="BO_AddComments">
    <classes>
        <class name="com.veo.suite.backoffice.BO_AddComments" ></class>  
    </classes>
</test>

<test name="BO_AmendedStatsRevtBtnValid">
    <classes>
        <class name="com.veo.suite.backoffice.BO_AmendedStatsRevtBtnValid" ></class>  
    </classes>
</test>
<test name="BO_CancelOrderBtnValid">
    <classes>
        <class name="com.veo.suite.backoffice.BO_CancelOrderBtnValid" ></class>  
    </classes>
</test>
<test name="BO_ConfirmationPageOrdStatus">
    <classes>
        <class name="com.veo.suite.backoffice.BO_ConfirmationPageOrdStatus" ></class>  
    </classes>
</test>
<test name="BO_CreateOrdBtnPageRedirect">
    <classes>
        <class name="com.veo.suite.backoffice.BO_CreateOrdBtnPageRedirect" ></class>  
    </classes>
</test>
<test name="BO_DateSelection">
    <classes>
        <class name="com.veo.suite.backoffice.BO_DateSelection" ></class>  
    </classes>
</test>
<test name="BO_EmergencyCheckBoxValid">
    <classes>
        <class name="com.veo.suite.backoffice.BO_EmergencyCheckBoxValid" ></class>  
    </classes>
</test>
<test name="BO_FlaggedStatsRevtBtnValid">
    <classes>
        <class name="com.veo.suite.backoffice.BO_FlaggedStatsRevtBtnValid" ></class>  
    </classes>
</test>

<test name="BO_FlaggedToAmendStatus">
    <classes>
        <class name="com.veo.suite.backoffice.BO_FlaggedToAmendStatus" ></class>  
    </classes>
</test>
<test name="BO_GeographySelection">
    <classes>
        <class name="com.veo.suite.backoffice.BO_GeographySelection" ></class>  
    </classes>
</test>

<test name="BO_MissingOrderPlaced">
    <classes>
        <class name="com.veo.suite.backoffice.BO_MissingOrderPlaced" ></class>  
    </classes>
</test>
<test name="BO_OffRouteOrdCounts">
    <classes>
        <class name="com.veo.suite.backoffice.BO_OffRouteOrdCounts" ></class>  
    </classes>
</test>
<test name="BO_OrderCountDisplay">
    <classes>
        <class name="com.veo.suite.backoffice.BO_OrderCountDisplay" ></class>  
    </classes>
</test>

<test name="BO_OrdPlacedbyCreateOrderBtn">
    <classes>
        <class name="com.veo.suite.backoffice.BO_OrdPlacedbyCreateOrderBtn" ></class>  
    </classes>
</test>


<test name="BO_SaveOrderBtnValid">
    <classes>
        <class name="com.veo.suite.backoffice.BO_SaveOrderBtnValid" ></class>  
    </classes>
</test>
<test name="BO_SelectOrdType">
    <classes>
        <class name="com.veo.suite.backoffice.BO_SelectOrdType" ></class>  
    </classes>
</test>
<test name="BO_PlacedOrdValidinBackEnd">
    <classes>
        <class name="com.veo.suite.backoffice.BO_PlacedOrdValidinBackEnd" ></class>  
    </classes>
</test>

<test name="Backoffice_08_10">
    <classes>
        <class name="com.veo.suite.backoffice.Backoffice_08_10" ></class>  
    </classes>
</test>

<test name="Backoffice_08_12">
    <classes>
        <class name="com.veo.suite.backoffice.Backoffice_08_12" ></class>  
    </classes>
</test>
<test name="Backoffice_08_13">
    <classes>
        <class name="com.veo.suite.backoffice.Backoffice_08_13" ></class>  
    </classes>
</test>
<test name="Backoffice_08_14">
    <classes>
        <class name="com.veo.suite.backoffice.Backoffice_08_14" ></class>  
    </classes>
</test>

<test name="Backoffice_08_15">
    <classes>
        <class name="com.veo.suite.backoffice.Backoffice_08_15" ></class>  
    </classes>
</test>
<test name="Backoffice_08_16">
    <classes>
        <class name="com.veo.suite.backoffice.Backoffice_08_16" ></class>  
    </classes>
</test>

<test name="Backoffice_08_17">
    <classes>
        <class name="com.veo.suite.backoffice.Backoffice_08_17" ></class>  
    </classes>
</test>

<test name="Backoffice_08_18">
    <classes>
        <class name="com.veo.suite.backoffice.Backoffice_08_18" ></class>  
    </classes>
</test>

<test name="Backoffice_08_19">
    <classes>
        <class name="com.veo.suite.backoffice.Backoffice_08_19" ></class>  
    </classes>
</test>

<test name="Backoffice_08_21">
    <classes>
        <class name="com.veo.suite.backoffice.Backoffice_08_21" ></class>  
    </classes>
</test>

<test name="Backoffice_08_22">
    <classes>
        <class name="com.veo.suite.backoffice.Backoffice_08_22" ></class>  
    </classes>
</test>

<test name="Backoffice_08_23">
    <classes>
        <class name="com.veo.suite.backoffice.Backoffice_08_23" ></class>  
    </classes>
</test>
<test name="Backoffice_08_24">
    <classes>
        <class name="com.veo.suite.backoffice.Backoffice_08_24" ></class>  
    </classes>
</test>
<test name="Backoffice_08_25">
    <classes>
        <class name="com.veo.suite.backoffice.Backoffice_08_25" ></class>  
    </classes>
</test>

<test name="Backoffice_08_29">
    <classes>
        <class name="com.veo.suite.backoffice.Backoffice_08_29" ></class>  
    </classes>
</test>

<test name="Backoffice_08_31">
    <classes>
        <class name="com.veo.suite.backoffice.Backoffice_08_31" ></class>  
    </classes>
</test>
<test name="Backoffice_08_32">
    <classes>
        <class name="com.veo.suite.backoffice.Backoffice_08_32" ></class>  
    </classes>
</test>
<test name="Backoffice_08_33">
    <classes>
        <class name="com.veo.suite.backoffice.Backoffice_08_33" ></class>  
    </classes>
</test>

<test name="Backoffice_08_34">
    <classes>
        <class name="com.veo.suite.backoffice.Backoffice_08_34" ></class>  
    </classes>
</test>

<test name="Backoffice_08_35">
    <classes>
        <class name="com.veo.suite.backoffice.Backoffice_08_35" ></class>  
    </classes>
</test>

<test name="Backoffice_08_37">
    <classes>
        <class name="com.veo.suite.backoffice.Backoffice_08_37" ></class>  
    </classes>
</test>
<test name="Backoffice_08_38">
    <classes>
        <class name="com.veo.suite.backoffice.Backoffice_08_38" ></class>  
    </classes>
</test>
<test name="Backoffice_08_39">
    <classes>
        <class name="com.veo.suite.backoffice.Backoffice_08_39" ></class>  
    </classes>
</test>

<test name="Backoffice_08_40">
    <classes>
        <class name="com.veo.suite.backoffice.Backoffice_08_40" ></class>  
    </classes>
</test>
<test name="Backoffice_08_41">
    <classes>
        <class name="com.veo.suite.backoffice.Backoffice_08_41" ></class>  
    </classes>
</test>
<test name="Backoffice_08_42">
    <classes>
        <class name="com.veo.suite.backoffice.Backoffice_08_42" ></class>  
    </classes>
</test>

<test name="Backoffice_08_43">
    <classes>
        <class name="com.veo.suite.backoffice.Backoffice_08_43" ></class>  
    </classes>
</test>

<test name="Backoffice_08_44">
    <classes>
        <class name="com.veo.suite.backoffice.Backoffice_08_44" ></class>  
    </classes>
</test>

<test name="Backoffice_08_45">
    <classes>
        <class name="com.veo.suite.backoffice.Backoffice_08_45" ></class>  
    </classes>
</test>

<test name="Backoffice_08_45_a">
    <classes>
        <class name="com.veo.suite.backoffice.Backoffice_08_45_a" ></class>  
    </classes>
</test>

<test name="Backoffice_08_45_b">
    <classes>
        <class name="com.veo.suite.backoffice.Backoffice_08_45_b" ></class>  
    </classes>
</test>


</suite>
