<!DOCTYPE suite SYSTEM "http://testng.org/testng-1.0.dtd">
<suite name="Canada Cancellation Suite">

<test name="Cancellation_09_01">
    <classes>
        <class name="com.veo.suite.CancellationProcess.Cancellation_09_01" ></class>  
    </classes>
</test>


<test name="Cancellation_09_02">
    <classes>
        <class name="com.veo.suite.CancellationProcess.Cancellation_09_02" ></class>  
    </classes>
</test>

<test name="Cancellation_09_03_Amend">
    <classes>
        <class name="com.veo.suite.CancellationProcess.Cancellation_09_03_Amend" ></class>  
    </classes>
</test>

<test name="Cancellation_09_03_Confirmed">
    <classes>
        <class name="com.veo.suite.CancellationProcess.Cancellation_09_03_Confirmed" ></class>  
    </classes>
</test>

<test name="Cancellation_09_03_SubmitNotCNF">
    <classes>
        <class name="com.veo.suite.CancellationProcess.Cancellation_09_03_SubmitNotCNF" ></class>  
    </classes>
</test>

<test name="Cancellation_09_03_Submitted">
    <classes>
        <class name="com.veo.suite.CancellationProcess.Cancellation_09_03_Submitted" ></class>  
    </classes>
</test>

<test name="Cancellation_09_04_Amend">
    <classes>
        <class name="com.veo.suite.CancellationProcess.Cancellation_09_04_Amend" ></class>  
    </classes>
</test>

<test name="Cancellation_09_04_Confirmed">
    <classes>
        <class name="com.veo.suite.CancellationProcess.Cancellation_09_04_Confirmed" ></class>  
    </classes>
</test>

<test name="Cancellation_09_04_SubmitNotCNF">
    <classes>
        <class name="com.veo.suite.CancellationProcess.Cancellation_09_04_SubmitNotCNF" ></class>  
    </classes>
</test>

<test name="Cancellation_09_04_Submitted">
    <classes>
        <class name="com.veo.suite.CancellationProcess.Cancellation_09_04_Submitted" ></class>  
    </classes>
</test>


</suite>

