<!DOCTYPE suite SYSTEM "http://testng.org/testng-1.0.dtd">
<suite name="Canada CheckoutDrools Suite Desktop and Mobile">

<test name="Checkout_Drool_4_01">
    <classes>
        <class name="com.veo.suite.Checkoutdrools.Checkout_Drool_4_01" ></class>  
    </classes>
</test>

<test name="Checkout_Drool_4_01_Mobile">
    <classes>
        <class name="com.veo.suite.Checkoutdrools.Checkout_Drool_4_01_Mobile" ></class>  
    </classes>
</test>

<test name="Checkout_Drool_4_03">
    <classes>
        <class name="com.veo.suite.Checkoutdrools.Checkout_Drool_4_03" ></class>  
    </classes>
</test>

<test name="Checkout_Drool_4_03_Mobile">
    <classes>
        <class name="com.veo.suite.Checkoutdrools.Checkout_Drool_4_03_Mobile" ></class>  
    </classes>
</test>

<test name="Checkout_Drool_4_04">
    <classes>
        <class name="com.veo.suite.Checkoutdrools.Checkout_Drool_4_04" ></class>  
    </classes>
</test>

<test name="Checkout_Drool_4_04_Mobile">
    <classes>
        <class name="com.veo.suite.Checkoutdrools.Checkout_Drool_4_04_Mobile" ></class>  
    </classes>
</test>

<test name="Checkout_Drool_4_06">
    <classes>
        <class name="com.veo.suite.Checkoutdrools.Checkout_Drool_4_06" ></class>  
    </classes>
</test>

<test name="Checkout_Drool_4_06_Mobile">
    <classes>
        <class name="com.veo.suite.Checkoutdrools.Checkout_Drool_4_06_Mobile" ></class>  
    </classes>
</test>

<test name="Checkout_Drool_4_07">
    <classes>
        <class name="com.veo.suite.Checkoutdrools.Checkout_Drool_4_07" ></class>  
    </classes>
</test>

<test name="Checkout_Drool_4_07_Mobile">
    <classes>
        <class name="com.veo.suite.Checkoutdrools.Checkout_Drool_4_07_Mobile" ></class>  
    </classes>
</test>

<test name="CheckoutDrools_04_08">
    <classes>
        <class name="com.veo.suite.Checkoutdrools.CheckoutDrools_04_08" ></class>  
    </classes>
</test>

<test name="CheckoutDrools_04_08_Mobile">
    <classes>
        <class name="com.veo.suite.Checkoutdrools.CheckoutDrools_04_08_Mobile" ></class>  
    </classes>
</test>

<test name="CheckoutDrools_04_09">
    <classes>
        <class name="com.veo.suite.Checkoutdrools.CheckoutDrools_04_09" ></class>  
    </classes>
</test>

<test name="CheckoutDrools_04_09_Mobile">
    <classes>
        <class name="com.veo.suite.Checkoutdrools.CheckoutDrools_04_09_Mobile" ></class>  
    </classes>
</test>
<test name="CheckoutDrools_04_12">
    <classes>
        <class name="com.veo.suite.Checkoutdrools.CheckoutDrools_04_12" ></class>  
    </classes>
</test>

<test name="CheckoutDrools_04_12_Mobile">
    <classes>
        <class name="com.veo.suite.Checkoutdrools.CheckoutDrools_04_12_Mobile" ></class>  
    </classes>
</test>

<test name="CheckoutDrools_04_13">
    <classes>
        <class name="com.veo.suite.Checkoutdrools.CheckoutDrools_04_13" ></class>  
    </classes>
</test>

<test name="CheckoutDrools_04_13_Mobile">
    <classes>
        <class name="com.veo.suite.Checkoutdrools.CheckoutDrools_04_13_Mobile" ></class>  
    </classes>
</test>


<test name="CheckoutDrools_04_14">
    <classes>
        <class name="com.veo.suite.Checkoutdrools.CheckoutDrools_04_14" ></class>  
    </classes>
</test>

<test name="CheckoutDrools_04_14_Mobile">
    <classes>
        <class name="com.veo.suite.Checkoutdrools.CheckoutDrools_04_14_Mobile" ></class>  
    </classes>
</test>


<test name="CheckoutDrools_04_16">
    <classes>
        <class name="com.veo.suite.Checkoutdrools.CheckoutDrools_04_16" ></class>  
    </classes>
</test>

<test name="CheckoutDrools_04_16_Mobile">
    <classes>
        <class name="com.veo.suite.Checkoutdrools.CheckoutDrools_04_16_Mobile" ></class>  
    </classes>
</test>

<test name="CheckoutDrools_04_17">
    <classes>
        <class name="com.veo.suite.Checkoutdrools.CheckoutDrools_04_17" ></class>  
    </classes>
</test>

<test name="CheckoutDrools_04_17_Mobile">
    <classes>
        <class name="com.veo.suite.Checkoutdrools.CheckoutDrools_04_17_Mobile" ></class>  
    </classes>
</test>


<test name="CheckoutDrools_04_20">
    <classes>
        <class name="com.veo.suite.Checkoutdrools.CheckoutDrools_04_20" ></class>  
    </classes>
</test>

<test name="CheckoutDrools_04_20_Mobile">
    <classes>
        <class name="com.veo.suite.Checkoutdrools.CheckoutDrools_04_20_Mobile" ></class>  
    </classes>
</test>

<test name="CheckoutDrools_04_22">
    <classes>
        <class name="com.veo.suite.Checkoutdrools.CheckoutDrools_04_22" ></class>  
    </classes>
</test>

<test name="CheckoutDrools_04_22_Mobile">
    <classes>
        <class name="com.veo.suite.Checkoutdrools.CheckoutDrools_04_22_Mobile" ></class>  
    </classes>
</test>


</suite>

